filt,dist,age,feh,feh_meas_mean,feh_meas_std,feh_meas_median,massdiff_mean,massdiff_std,massdiff_median,feh_weighted,age_weighted,feh_diff_mean
WFIRST_X625,4.0,10.00,-0.20,-0.209,0.004213074886588183,-0.21,0.899,0.037896602750114715,0.89525,-0.20498201250000003,9.9964,-0.00899999999999998
WFIRST_X625,4.0,10.00,-0.50,-0.513,0.002738612787525833,-0.512,0.9297624999999999,0.03241430770122971,0.93835,-0.5101083625,9.997368125000003,-0.013000000000000012
WFIRST_X625,4.0,10.00,-0.80,-0.81825,0.004085033659592056,-0.8180000000000001,0.898475,0.031506894086850264,0.9022,-0.8113081593750002,9.994273750000001,-0.01824999999999999
WFIRST_X625,4.0,10.00,-1.30,-1.32025,0.0021065374432941014,-1.3205,0.85545,0.0164564576990311,0.8572500000000001,-1.3199356468749999,9.991785000000002,-0.02024999999999988
WFIRST_X625,4.0,10.00,-1.80,-1.8175,0.0014142135623730866,-1.818,0.75295,0.012970061680655178,0.7567,-1.8278644546874998,9.986888750000002,-0.01749999999999985
WFIRST_X625,4.0,10.00,-2.20,-2.230125,0.0033330729064932787,-2.231,0.7897,0.02105742149457051,0.7806,-2.2249659515625,9.988453125,-0.030124999999999957
WFIRST_X625,4.0,10.00,0.00,-0.01025,0.0038324274291889732,-0.0105,0.820975,0.0671209868446524,0.8271,-0.021017065625,10.0009,-0.01025
WFIRST_X625,4.0,10.00,0.10,0.092625,0.0034618456060315564,0.0915,0.862325,0.04733066527104811,0.8657,0.0872114796875,10.001644375,-0.0073750000000000066
WFIRST_X625,4.0,10.10,-0.20,-0.21125,0.0025372228912730523,-0.21200000000000002,0.9276125,0.03323429845430771,0.93445,-0.21171265937499997,10.093755624999998,-0.011249999999999982
WFIRST_X625,4.0,10.10,-0.50,-0.511,0.0033541019662496874,-0.5115000000000001,0.9180875000000001,0.03459445177698295,0.9291,-0.5109216125,10.095198750000002,-0.01100000000000001
WFIRST_X625,4.0,10.10,-0.80,-0.815375,0.0026427968139832348,-0.8154999999999999,0.9076,0.031343938808005595,0.8982,-0.8084869718749997,10.093685,-0.015374999999999917
WFIRST_X625,4.0,10.10,-1.30,-1.31425,0.0021065374432941014,-1.3145,0.84575,0.017316321780331993,0.846,-1.3218572843749998,10.091535000000002,-0.014249999999999874
WFIRST_X625,4.0,10.10,-1.80,-1.8205,0.0022912878474779463,-1.8205,0.8202,0.017164352594840258,0.8185,-1.829853690625,10.090124375,-0.020499999999999963
WFIRST_X625,4.0,10.10,-2.20,-2.244625,0.003497767144908311,-2.245,0.901775,0.0433479454530431,0.90815,-2.2177734359375005,10.092143125,-0.044624999999999915
WFIRST_X625,4.0,10.10,0.00,-0.011,0.0018027756377319946,-0.0105,0.9697250000000001,0.040156840948959105,0.98645,-0.0112250828125,10.097755625000001,-0.011
WFIRST_X625,4.0,10.10,0.10,0.09075,0.0024874685927665473,0.0905,0.9327,0.052852034019515284,0.93895,0.090397434375,10.0958525,-0.009250000000000008
WFIRST_X625,4.0,9.30,-0.20,-0.20950000000000002,0.0024494897427831805,-0.209,0.8487875,0.020600208585109036,0.85095,-0.2073788375,9.297059375000002,-0.009500000000000008
WFIRST_X625,4.0,9.30,-0.50,-0.5121249999999999,0.0027128168017763405,-0.513,0.78975,0.0344387499773148,0.7873,-0.5138114359374999,9.30281875,-0.012124999999999941
WFIRST_X625,4.0,9.30,-0.80,-0.81725,0.0033819373146171737,-0.8160000000000001,0.8399,0.06301658511852257,0.8536,-0.8128611484375001,9.303168750000001,-0.017249999999999988
WFIRST_X625,4.0,9.30,-1.30,-1.32225,0.0013919410907075216,-1.3219999999999998,0.8786125,0.024593212351175307,0.88055,-1.3182203625,9.299175625000002,-0.02224999999999988
WFIRST_X625,4.0,9.30,-1.80,-1.817375,0.0018666480653835515,-1.817,0.8628374999999999,0.011026325033754456,0.86185,-1.8104443109375,9.293151250000001,-0.01737499999999992
WFIRST_X625,4.0,9.30,-2.20,-2.20925,0.0009682458365517475,-2.209,0.8665,0.01029186572007234,0.8691,-2.2005282515625,9.293091250000002,-0.009249999999999758
WFIRST_X625,4.0,9.30,0.00,0.001,0.003807886552931954,0.0025,0.6395124999999999,0.05896637680704149,0.6452499999999999,-0.0203891265625,9.31355875,0.001
WFIRST_X625,4.0,9.30,0.10,0.09075,0.002817356917396164,0.091,0.69265,0.06732467972445172,0.7019,0.07936405625000001,9.30810375,-0.009250000000000008
WFIRST_X625,4.0,9.50,-0.20,-0.207875,0.004702060718451008,-0.207,0.7361375,0.05774584265338935,0.74745,-0.20590359843750003,9.500828125,-0.007874999999999993
WFIRST_X625,4.0,9.50,-0.50,-0.5122500000000001,0.002222048604328899,-0.513,0.8177875,0.055941474719120504,0.8331000000000001,-0.5047037578125001,9.50209375,-0.012250000000000094
WFIRST_X625,4.0,9.50,-0.80,-0.816375,0.0039980463979298626,-0.8155000000000001,0.8695124999999999,0.018042618816291607,0.8672,-0.8185427062499999,9.502041874999998,-0.016374999999999917
WFIRST_X625,4.0,9.50,-1.30,-1.3275000000000001,0.004472135954999512,-1.329,0.9038375000000001,0.027314874038699134,0.9087,-1.3110965093750004,9.496364375,-0.02750000000000008
WFIRST_X625,4.0,9.50,-1.80,-1.8198750000000001,0.003370367190678155,-1.8199999999999998,0.804025,0.02431325512966128,0.8048,-1.8182337578125,9.490399374999999,-0.019875000000000087
WFIRST_X625,4.0,9.50,-2.20,-2.218125,0.001899835519196416,-2.218,0.8224875,0.010430177071843022,0.82175,-2.2110585296875,9.490494374999999,-0.018124999999999947
WFIRST_X625,4.0,9.50,0.00,0.00012499999999999968,0.004648588495446763,0.0005,0.6702875,0.08082333260729847,0.6577000000000001,-0.014121393750000003,9.504541875000001,0.00012499999999999968
WFIRST_X625,4.0,9.50,0.10,0.094625,0.0034977671449083043,0.0935,0.8229375000000001,0.059162064228270465,0.8389,0.08555595468750002,9.502051250000001,-0.005375000000000005
WFIRST_X625,4.0,9.70,-0.20,-0.204875,0.0049101298353506,-0.204,0.7431375,0.06980053612795534,0.7697999999999999,-0.212849475,9.71072625,-0.0048749999999999905
WFIRST_X625,4.0,9.70,-0.50,-0.5001249999999999,0.015177594506376822,-0.504,0.7362624999999999,0.16851941978226126,0.7715,-0.5062683328124999,9.7018525,-0.00012499999999993072
WFIRST_X625,4.0,9.70,-0.80,-0.8185,0.005220153254455265,-0.8200000000000001,0.89315,0.05331974306014612,0.91855,-0.81923999375,9.698375625,-0.01849999999999996
WFIRST_X625,4.0,9.70,-1.30,-1.321625,0.0036379080527138025,-1.322,0.8509,0.04307307743823279,0.8671,-1.3173189109375,9.692099999999998,-0.021625000000000005
WFIRST_X625,4.0,9.70,-1.80,-1.822125,0.004754931650402493,-1.8225,0.7827999999999999,0.019404058853755294,0.78075,-1.81056955625,9.6884025,-0.02212499999999995
WFIRST_X625,4.0,9.70,-2.20,-2.215125,0.0025708704751503837,-2.214,0.798925,0.02194998576309332,0.7986500000000001,-2.2119740328125,9.688756249999999,-0.015124999999999833
WFIRST_X625,4.0,9.70,0.00,-0.00575,0.005190134873006674,-0.004,0.6754,0.07210976008835418,0.65455,-0.0187841421875,9.715436874999998,-0.00575
WFIRST_X625,4.0,9.70,0.10,0.095,0.006020797289396144,0.096,0.744325,0.056520720757966283,0.76065,0.0764434328125,9.71865,-0.0050000000000000044
WFIRST_X625,4.0,9.90,-0.20,-0.2075,0.0019364916731037084,-0.20750000000000002,0.8708125,0.05077040076412633,0.86235,-0.209673215625,9.900650624999999,-0.007499999999999979
WFIRST_X625,4.0,9.90,-0.50,-0.514,0.0036055512754639926,-0.513,0.8587374999999999,0.05830010586396906,0.86415,-0.5105869734375,9.896054375,-0.014000000000000012
WFIRST_X625,4.0,9.90,-0.80,-0.818125,0.006273705045664794,-0.816,0.868175,0.043022109141696005,0.8647,-0.808683975,9.892917500000001,-0.018124999999999947
WFIRST_X625,4.0,9.90,-1.30,-1.319125,0.002204399011068595,-1.319,0.8711125,0.02121022380244961,0.8669,-1.3188753390625,9.893315625,-0.01912500000000006
WFIRST_X625,4.0,9.90,-1.80,-1.819,0.00479583152331277,-1.817,0.7651625,0.011019180720452857,0.76515,-1.829641640625,9.888076250000001,-0.018999999999999906
WFIRST_X625,4.0,9.90,-2.20,-2.2199999999999998,0.0030413812651492126,-2.2195,0.82585,0.016436848846418228,0.8235,-2.2220777187499996,9.886595,-0.019999999999999574
WFIRST_X625,4.0,9.90,0.00,-0.008,0.0029580398915498075,-0.008,0.841125,0.04953220543242549,0.84565,-0.011772960937500002,9.899736875,-0.008
WFIRST_X625,4.0,9.90,0.10,0.096625,0.005313602826708072,0.0975,0.8274625,0.07813587424320532,0.84975,0.0880609296875,9.89930125,-0.003375000000000003
WFIRST_X625,6.0,10.00,-0.20,-0.205625,0.006163146517810525,-0.20550000000000002,0.8008500000000001,0.1278329671876547,0.8168,-0.19888176718750003,10.004230000000002,-0.005624999999999991
WFIRST_X625,6.0,10.00,-0.50,-0.512,0.0051720402163943045,-0.511,0.86835,0.08313526628332889,0.8672500000000001,-0.49545153124999997,9.998441874999997,-0.01200000000000001
WFIRST_X625,6.0,10.00,-0.80,-0.8102500000000001,0.006057020719792862,-0.8105,0.8694875,0.06427504254179843,0.8990499999999999,-0.7873999328125001,9.996785624999998,-0.010250000000000092
WFIRST_X625,6.0,10.00,-1.30,-1.3183749999999999,0.0038058343369096015,-1.317,0.7972625,0.051797175055691966,0.7938000000000001,-1.2967120296875,9.996385000000002,-0.018374999999999808
WFIRST_X625,6.0,10.00,-1.80,-1.8217500000000002,0.005910795208768498,-1.82,0.7795749999999999,0.04263293181332948,0.7943,-1.7721063515625,10.002530624999999,-0.021750000000000158
WFIRST_X625,6.0,10.00,-2.20,-2.2350000000000003,0.011874342087037984,-2.235,0.547875,0.08487617083139413,0.5446500000000001,-2.2095277265625,9.9874875,-0.03500000000000014
WFIRST_X625,6.0,10.00,0.00,0.007125,0.023523591881343293,0.0075,0.44382499999999997,0.1992142298506811,0.48175,-0.020305551562499996,10.0189425,0.007125
WFIRST_X625,6.0,10.00,0.10,0.103875,0.021426837727485593,0.0995,0.40561250000000004,0.12678700088632905,0.40035,0.0783669265625,10.018640625,0.0038749999999999896
WFIRST_X625,6.0,10.10,-0.20,-0.20787499999999998,0.003443744328488979,-0.20750000000000002,0.94505,0.02882256060796817,0.9474,-0.20590819062499993,10.09516625,-0.007874999999999965
WFIRST_X625,6.0,10.10,-0.50,-0.50925,0.0026809513236909044,-0.5085,0.8930375,0.07298943309651064,0.9128000000000001,-0.5049345375,10.09247375,-0.00924999999999998
WFIRST_X625,6.0,10.10,-0.80,-0.811875,0.0032953565816160385,-0.8109999999999999,0.9140375000000001,0.046439044388854496,0.93355,-0.8034774984375,10.092215,-0.011874999999999969
WFIRST_X625,6.0,10.10,-1.30,-1.31775,0.004710360920354194,-1.317,0.906575,0.0379851204420889,0.8912,-1.3083545828125003,10.092075625000001,-0.017749999999999932
WFIRST_X625,6.0,10.10,-1.80,-1.836875,0.008724068718207129,-1.8370000000000002,0.921875,0.05498726557122113,0.9185,-1.7894449046874996,10.09269,-0.03687499999999999
WFIRST_X625,6.0,10.10,-2.20,-2.2391249999999996,0.007507288125548495,-2.2365000000000004,0.8472999999999999,0.07623639222838395,0.8655999999999999,-2.204078215624999,10.085462499999998,-0.03912499999999941
WFIRST_X625,6.0,10.10,0.00,-0.00875,0.010071618539241843,-0.0085,0.8701749999999999,0.13881754887261194,0.9061,-0.007141609374999999,10.091733749999998,-0.00875
WFIRST_X625,6.0,10.10,0.10,0.10162500000000001,0.00721001907070987,0.10300000000000001,0.8501875,0.10309201517940174,0.87365,0.0975727703125,10.091869375,0.0016250000000000014
WFIRST_X625,6.0,9.30,-0.20,-0.20925,0.0013919410907075036,-0.209,0.8425,0.051126411960942454,0.8244,-0.2078493046875,9.305043750000001,-0.00924999999999998
WFIRST_X625,6.0,9.30,-0.50,-0.513625,0.0029973947020704526,-0.5135000000000001,0.7938875000000001,0.10057351089501651,0.7698,-0.5091099390625,9.309351875,-0.013624999999999998
WFIRST_X625,6.0,9.30,-0.80,-0.8175,0.004555216789572164,-0.8180000000000001,0.76515,0.10473509440488418,0.75605,-0.8107706562500001,9.3061925,-0.01749999999999996
WFIRST_X625,6.0,9.30,-1.30,-1.3230000000000002,0.005244044240850693,-1.3245,0.8762249999999999,0.029992738704559787,0.8791,-1.3146772125,9.297710625,-0.02300000000000013
WFIRST_X625,6.0,9.30,-1.80,-1.8170000000000002,0.0026925824035672853,-1.817,0.8396999999999999,0.023718241924729593,0.85175,-1.8108147640624999,9.292525625,-0.017000000000000126
WFIRST_X625,6.0,9.30,-2.20,-2.211875,0.0026190408549695335,-2.2119999999999997,0.8299875,0.033860723467610654,0.83675,-2.1976582234375,9.290816875,-0.011874999999999858
WFIRST_X625,6.0,9.30,0.00,-0.004125,0.009765212491287633,-0.0045000000000000005,0.5486624999999999,0.07791119844893929,0.5346,-0.037161610937500006,9.343994375,-0.004125
WFIRST_X625,6.0,9.30,0.10,0.10475000000000001,0.009562295749452637,0.10500000000000001,0.581825,0.07058085345899409,0.58995,0.06640342187500001,9.34183125,0.004750000000000004
WFIRST_X625,6.0,9.50,-0.20,-0.20500000000000002,0.007106335201775949,-0.2055,0.625,0.11608264297473589,0.5953,-0.21002535000000003,9.521206874999999,-0.0050000000000000044
WFIRST_X625,6.0,9.50,-0.50,-0.5125,0.003201562118716427,-0.5125,0.7976,0.06228195966730655,0.7843500000000001,-0.504999759375,9.496421875,-0.012499999999999956
WFIRST_X625,6.0,9.50,-0.80,-0.8096249999999999,0.004240798863421866,-0.81,0.7316625,0.06069929854413476,0.73515,-0.7855755874999999,9.499699375,-0.009624999999999884
WFIRST_X625,6.0,9.50,-1.30,-1.320125,0.004484347778663089,-1.319,0.886075,0.044158740641010115,0.8833,-1.3105670046875,9.497240625000002,-0.02012499999999995
WFIRST_X625,6.0,9.50,-1.80,-1.82675,0.00408503365959205,-1.8265,0.8382624999999999,0.025911963332599878,0.8345,-1.8113571171875,9.49243875,-0.02675000000000005
WFIRST_X625,6.0,9.50,-2.20,-2.2276249999999997,0.006927075501248691,-2.225,0.8009625,0.04053566138291071,0.7900499999999999,-2.1834394984374996,9.4898075,-0.027624999999999567
WFIRST_X625,6.0,9.50,0.00,-0.006875,0.011252083140467814,-0.004,0.636125,0.1384899793306361,0.6666000000000001,-0.0271870390625,9.52523375,-0.006875
WFIRST_X625,6.0,9.50,0.10,0.08612500000000001,0.005085211401702001,0.088,0.6252625,0.1196743282569407,0.6562,0.06794950937500001,9.530529999999999,-0.013874999999999998
WFIRST_X625,6.0,9.70,-0.20,-0.203375,0.010331232985466923,-0.203,0.6609625,0.1153357158201656,0.6554,-0.21211523125000004,9.718795624999998,-0.003374999999999989
WFIRST_X625,6.0,9.70,-0.50,-0.48724999999999996,0.0222920950114609,-0.495,0.53495,0.15365784229905094,0.55915,-0.5031233281249999,9.702865000000001,0.012750000000000039
WFIRST_X625,6.0,9.70,-0.80,-0.8165,0.003708099243547818,-0.815,0.8453875000000001,0.030768223766574527,0.84195,-0.797079809375,9.69154625,-0.01649999999999996
WFIRST_X625,6.0,9.70,-1.30,-1.3255,0.002598076211353345,-1.3255,0.8927,0.03556044150457079,0.88365,-1.3093750687499999,9.69652875,-0.025499999999999856
WFIRST_X625,6.0,9.70,-1.80,-1.817,0.0039051248379533376,-1.8159999999999998,0.7994625,0.044015421658209763,0.8102,-1.7787741656249998,9.695778124999999,-0.016999999999999904
WFIRST_X625,6.0,9.70,-2.20,-2.225,0.006652067347824954,-2.227,0.8208125,0.03218545624579523,0.8039000000000001,-2.177239571875,9.687255624999999,-0.02499999999999991
WFIRST_X625,6.0,9.70,0.00,0.0155,0.01680029761641144,0.014499999999999999,0.4717625,0.14081217931610177,0.50495,-0.02943651718750001,9.741319375,0.0155
WFIRST_X625,6.0,9.70,0.10,0.068375,0.01356408400888169,0.069,0.5482125,0.09402389905630376,0.52685,0.05002028125000001,9.768584375,-0.031625
WFIRST_X625,6.0,9.90,-0.20,-0.19787500000000002,0.01156976123349138,-0.19949999999999998,0.7176750000000001,0.12122789231443398,0.7364,-0.19620845625000005,9.908034375,0.002124999999999988
WFIRST_X625,6.0,9.90,-0.50,-0.511625,0.0048717938174762734,-0.511,0.8060624999999999,0.09192854477119718,0.85995,-0.48898218437499996,9.893060624999999,-0.011624999999999996
WFIRST_X625,6.0,9.90,-0.80,-0.810875,0.004399928976699522,-0.8109999999999999,0.861875,0.029389953640657544,0.85705,-0.8037985,9.891709999999998,-0.010874999999999968
WFIRST_X625,6.0,9.90,-1.30,-1.317,0.003570714214271459,-1.3165,0.8048375,0.0450240196311924,0.78835,-1.3175373062499998,9.904295000000001,-0.016999999999999904
WFIRST_X625,6.0,9.90,-1.80,-1.8258750000000001,0.01015427865483315,-1.8264999999999998,0.7959125,0.06063834260391688,0.8028,-1.8069733718750003,9.892238125,-0.025875000000000092
WFIRST_X625,6.0,9.90,-2.20,-2.2426250000000003,0.006890890726168894,-2.244,0.7659750000000001,0.08263869780556808,0.77705,-2.1692051859375003,9.88741375,-0.042625000000000135
WFIRST_X625,6.0,9.90,0.00,-0.008625,0.016007322543136315,-0.0025,0.5970875,0.17659285402798724,0.6091500000000001,-0.027380767187500005,9.921895625,-0.008625
WFIRST_X625,6.0,9.90,0.10,0.10262500000000001,0.025970837010000275,0.101,0.5514125,0.1366659196498893,0.5851999999999999,0.0846852953125,9.909015625,0.0026250000000000023
WFIRST_X625,8.0,10.00,-0.20,-0.21487499999999998,0.03136254732957768,-0.2135,0.5407625,0.24839210906095632,0.66655,-0.17375320781249998,9.993507500000003,-0.014874999999999972
WFIRST_X625,8.0,10.00,-0.50,-0.477875,0.03345309215902172,-0.467,0.36345,0.1978091125302371,0.33025,-0.32760883124999995,9.931971875,0.022125000000000006
WFIRST_X625,8.0,10.00,-0.80,-0.818125,0.023336867291905292,-0.8135,0.5494875,0.1815295116330951,0.5295,-0.6621213734375002,9.93345375,-0.018124999999999947
WFIRST_X625,8.0,10.00,-1.30,-1.33325,0.012666392540893407,-1.335,0.6369625,0.12954602403682638,0.6594,-1.2833226984375,10.0078175,-0.03325
WFIRST_X625,8.0,10.00,-1.80,-1.82625,0.006684870978560446,-1.8255,0.7839125,0.08855939302948047,0.7807,-1.6181371640625,10.004730625,-0.026249999999999885
WFIRST_X625,8.0,10.00,-2.20,-2.221625,0.019098020185349045,-2.2190000000000003,0.41907500000000003,0.20645852943145745,0.4448500000000001,-2.02248449375,9.973180625000001,-0.021624999999999783
WFIRST_X625,8.0,10.00,0.00,0.005500000000000001,0.03967996975805299,0.0145,0.5071125000000001,0.1681257894962876,0.53125,0.0007571796875000031,9.990135000000002,0.005500000000000001
WFIRST_X625,8.0,10.00,0.10,0.09825,0.03804848880047668,0.10250000000000001,0.5103625,0.23357589739472262,0.4549,0.057440556250000004,10.005674375,-0.0017500000000000016
WFIRST_X625,8.0,10.10,-0.20,-0.197125,0.023218728970380784,-0.20299999999999999,0.632575,0.1884384166644371,0.6974,-0.15487319375,10.0420225,0.0028750000000000164
WFIRST_X625,8.0,10.10,-0.50,-0.501125,0.03242852717901324,-0.51,0.38868749999999996,0.24281216216192714,0.3857,-0.43024753125,10.032704999999998,-0.0011250000000000426
WFIRST_X625,8.0,10.10,-0.80,-0.816875,0.05679885012040294,-0.802,0.48227499999999995,0.2370170128387412,0.46285,-0.7364915187500001,10.03931,-0.016874999999999973
WFIRST_X625,8.0,10.10,-1.30,-1.315125,0.014286685234861153,-1.31,0.6256250000000001,0.20755453951913458,0.70625,-1.1921663390625004,10.066108750000001,-0.015125000000000055
WFIRST_X625,8.0,10.10,-1.80,-1.841125,0.015511588409959856,-1.839,0.8703000000000001,0.0975208567435705,0.873,-1.72717665,10.083224374999999,-0.041124999999999856
WFIRST_X625,8.0,10.10,-2.20,-2.234,0.010700467279516358,-2.233,0.8207375,0.10474867466345338,0.8447,-2.0815134296875,10.060575625,-0.03399999999999981
WFIRST_X625,8.0,10.10,0.00,0.0315,0.0502369386009936,0.026000000000000002,0.43195000000000006,0.26568648817732526,0.4026,0.025821051562500006,10.021166875,0.0315
WFIRST_X625,8.0,10.10,0.10,0.069,0.05722324702426453,0.0925,0.4838625,0.3108162235851758,0.6191,0.08038870156250001,10.060993125,-0.031
WFIRST_X625,8.0,9.30,-0.20,-0.20024999999999998,0.030239667656903904,-0.19949999999999998,0.41236249999999997,0.14051362867618927,0.45620000000000005,-0.18884554843749998,9.3488675,-0.00024999999999997247
WFIRST_X625,8.0,9.30,-0.50,-0.475125,0.02434356947943337,-0.47100000000000003,0.39897499999999997,0.17245820326966183,0.37815,-0.49756330625000006,9.354721875,0.02487499999999998
WFIRST_X625,8.0,9.30,-0.80,-0.8163750000000001,0.007279036680770301,-0.8160000000000001,0.64695,0.0785668027859095,0.64245,-0.7924098859375001,9.324692500000001,-0.01637500000000003
WFIRST_X625,8.0,9.30,-1.30,-1.3165,0.004272001872658763,-1.3175,0.74715,0.03997524233822733,0.75805,-1.3171769562500002,9.324728125,-0.01649999999999996
WFIRST_X625,8.0,9.30,-1.80,-1.817875,0.008037995707886355,-1.8175,0.6456875,0.0538792733224011,0.6378999999999999,-1.7411738968750001,9.314615625,-0.017874999999999863
WFIRST_X625,8.0,9.30,-2.20,-2.22325,0.006703543838895918,-2.224,0.781675,0.04704938230200265,0.77195,-2.1760242875,9.293353749999998,-0.023249999999999993
WFIRST_X625,8.0,9.30,0.00,0.01275,0.02130580906701269,0.004,0.583125,0.18350424211717833,0.63215,-0.0179730390625,9.33665375,0.01275
WFIRST_X625,8.0,9.30,0.10,0.10200000000000001,0.007035623639735142,0.10300000000000001,0.7774874999999999,0.12387168196868079,0.79465,0.0864807796875,9.30596875,0.0020000000000000018
WFIRST_X625,8.0,9.50,-0.20,-0.182625,0.03130869487857965,-0.17550000000000002,0.2685875,0.12526882530681765,0.28315,-0.220558809375,9.571300625,0.017375
WFIRST_X625,8.0,9.50,-0.50,-0.46725,0.020614012224698032,-0.4585,0.3455375,0.15671962973332343,0.3057,-0.43144984374999995,9.525241875,0.03275
WFIRST_X625,8.0,9.50,-0.80,-0.832125,0.012343393982207641,-0.835,0.52335,0.23331642676845538,0.5481,-0.7108778656250001,9.525534375,-0.03212499999999996
WFIRST_X625,8.0,9.50,-1.30,-1.329375,0.010197272919756573,-1.3275000000000001,0.6470499999999999,0.1047210699907139,0.6308499999999999,-1.2659242890624998,9.533741249999999,-0.02937499999999993
WFIRST_X625,8.0,9.50,-1.80,-1.81575,0.008884677821958422,-1.8155000000000001,0.6345375,0.05486064020543326,0.65505,-1.7424314,9.515111875,-0.01574999999999993
WFIRST_X625,8.0,9.50,-2.20,-2.2363750000000002,0.009245776062613687,-2.24,0.8453875,0.04051053682376969,0.8568,-2.1875908609375,9.49425,-0.036375000000000046
WFIRST_X625,8.0,9.50,0.00,0.035625000000000004,0.02113017688047121,0.05,0.152425,0.14410283437531687,0.12010000000000004,-0.04818234375,9.56092875,0.035625000000000004
WFIRST_X625,8.0,9.50,0.10,0.07137500000000001,0.023957971011753062,0.0655,0.39622500000000005,0.1753022229608056,0.41685000000000005,0.0469910734375,9.547130625000001,-0.028624999999999998
WFIRST_X625,8.0,9.70,-0.20,-0.146125,0.09047435755505534,-0.16999999999999998,0.2709625,0.2312664855610298,0.2137,-0.18406474687500002,9.76625875,0.053875000000000006
WFIRST_X625,8.0,9.70,-0.50,-0.47350000000000003,0.03233419242844949,-0.4595,0.3481125,0.1741901435034428,0.34225,-0.34855616718750004,9.685759375,0.026499999999999968
WFIRST_X625,8.0,9.70,-0.80,-0.8063750000000001,0.01969731898000333,-0.8085,0.5485625000000001,0.14906537104153333,0.5646,-0.6845915671875,9.7246475,-0.0063750000000000195
WFIRST_X625,8.0,9.70,-1.30,-1.325625,0.014097318007337408,-1.3215,0.6619625,0.14600731948690107,0.7041999999999999,-1.2392523765625,9.7416125,-0.02562500000000001
WFIRST_X625,8.0,9.70,-1.80,-1.8242500000000001,0.01614581989246758,-1.823,0.572375,0.1318474852812901,0.5406000000000001,-1.71242416875,9.753073125,-0.024250000000000105
WFIRST_X625,8.0,9.70,-2.20,-2.227875,0.014451967859084078,-2.232,0.7592875,0.17392020754860546,0.7865,-2.0611045234375,9.684827499999999,-0.027874999999999872
WFIRST_X625,8.0,9.70,0.00,0.00625,0.029973947020704498,0.0,0.062474999999999996,0.1421626423326466,0.0,-0.023100520312500004,9.740018125,0.00625
WFIRST_X625,8.0,9.70,0.10,0.06825,0.034372045327562335,0.05,0.2348,0.16066722596721458,0.25870000000000004,0.03263288125,9.776864374999999,-0.03175
WFIRST_X625,8.0,9.90,-0.20,-0.15662500000000001,0.01752810243580292,-0.15,0.29669999999999996,0.18535837585606968,0.27869999999999995,-0.23773132343749998,9.983513750000002,0.043375
WFIRST_X625,8.0,9.90,-0.50,-0.410625,0.15679998206313672,-0.45,0.29123750000000004,0.25895924842289375,0.20765000000000003,-0.34545515468750004,9.8722625,0.08937499999999998
WFIRST_X625,8.0,9.90,-0.80,-0.8037500000000001,0.03623102951890823,-0.8105,0.39535,0.16958690250134295,0.37095,-0.6590395656249999,9.900442499999999,-0.003750000000000031
WFIRST_X625,8.0,9.90,-1.30,-1.332625,0.010427577618987077,-1.33,0.578675,0.11314980943421866,0.58565,-1.20046946875,9.929725,-0.032624999999999904
WFIRST_X625,8.0,9.90,-1.80,-1.8275,0.014044571905188118,-1.8285,0.6752,0.02597176351347748,0.6789000000000001,-1.69804748125,9.934828125000001,-0.027499999999999858
WFIRST_X625,8.0,9.90,-2.20,-2.230125,0.010493301434724997,-2.2314999999999996,0.677325,0.1318412089409074,0.6736,-2.056107275,9.874705,-0.030124999999999957
WFIRST_X625,8.0,9.90,0.00,-0.0105,0.018621224449536074,0.0,0.08552499999999999,0.1654992956933654,0.0,-0.035414746875,9.950780625000002,-0.0105
WFIRST_X625,8.0,9.90,0.10,0.025,0.07905694150420949,0.05,0.13282500000000003,0.14092526166376274,0.09925000000000003,0.015417556249999997,10.011439999999999,-0.07500000000000001
WFIRST_X625,10.0,10.00,-0.20,-0.19775,0.03902162861798569,-0.2075,0.4396875,0.2647739103343643,0.47405,-0.12196508906250003,9.932735000000001,0.002250000000000002
WFIRST_X625,10.0,10.00,-0.50,-0.4405,0.1710686996501698,-0.483,0.25965000000000005,0.2066838588279211,0.24045,-0.3257374437500001,9.971320000000002,0.0595
WFIRST_X625,10.0,10.00,-0.80,-0.5875,0.34074880777487687,-0.75,0.211425,0.22041619013811126,0.12735,-0.45481697343750005,9.882979375,0.21250000000000002
WFIRST_X625,10.0,10.00,-1.30,-1.3297500000000002,0.012376893794486586,-1.3285,0.689875,0.13645558572297434,0.69105,-1.1766713703125,9.979312499999999,-0.029750000000000165
WFIRST_X625,10.0,10.00,-1.80,-1.834625,0.01816547205552336,-1.8385,0.6507499999999999,0.1616284937750767,0.74775,-1.6071967499999995,9.98304875,-0.034624999999999906
WFIRST_X625,10.0,10.00,-2.20,-1.931875,0.7308545405037858,-2.2145,0.319375,0.2700086422228,0.15644999999999998,-1.9120291953125,9.984709375,0.26812500000000017
WFIRST_X625,10.0,10.00,0.00,-0.008625,0.039156536810601626,-0.0095,0.2711125,0.27397799837532577,0.22400000000000003,-0.0161723984375,9.951085,-0.008625
WFIRST_X625,10.0,10.00,0.10,0.02975,0.02335460340061462,0.044,0.1990375,0.1901070286542557,0.1506,0.0504614078125,9.983861249999999,-0.07025
WFIRST_X625,10.0,10.10,-0.20,-0.1845,0.09500526301210896,-0.216,0.63895,0.23616848858389217,0.62445,-0.16573020468750002,10.030871249999999,0.015500000000000014
WFIRST_X625,10.0,10.10,-0.50,-0.4135,0.15938632312717427,-0.453,0.2607,0.20466271643853456,0.27159999999999995,-0.3506269515625,9.978382500000002,0.08650000000000002
WFIRST_X625,10.0,10.10,-0.80,-0.806875,0.03867310919747725,-0.8125,0.4828125,0.27588257664040694,0.5291,-0.6049197578124998,10.008046250000001,-0.0068749999999999645
WFIRST_X625,10.0,10.10,-1.30,-1.32625,0.061829907811673135,-1.321,0.22517500000000001,0.14401226293271002,0.253,-1.046501371875,9.991618749999999,-0.026249999999999885
WFIRST_X625,10.0,10.10,-1.80,-1.8461250000000002,0.018563657371326352,-1.8515000000000001,0.832175,0.0884443716411621,0.8229,-1.6984441031250004,10.075640625000002,-0.046125000000000194
WFIRST_X625,10.0,10.10,-2.20,-2.2299999999999995,0.009578622030333986,-2.2319999999999998,0.8718375,0.12575666918199607,0.8874,-2.0395832374999996,10.070028749999999,-0.02999999999999936
WFIRST_X625,10.0,10.10,0.00,0.044375,0.05613585641103198,0.046,0.5003,0.32534561622987945,0.5013000000000001,0.02656410625,10.039576875,0.044375
WFIRST_X625,10.0,10.10,0.10,0.058625000000000003,0.06955022915131193,0.05,0.20982499999999998,0.2898672875213759,0.0681,0.045749712500000005,10.00947125,-0.041375
WFIRST_X625,10.0,9.30,-0.20,-0.188625,0.023048522186899532,-0.197,0.6240375,0.21793160588530977,0.6689499999999999,-0.18056820625,9.335715,0.011375000000000024
WFIRST_X625,10.0,9.30,-0.50,-0.5008750000000001,0.026421759498564817,-0.5085,0.459425,0.242915606487109,0.38065000000000004,-0.44268644375000005,9.326559374999999,-0.0008750000000000702
WFIRST_X625,10.0,9.30,-0.80,-0.796875,0.02358727146153197,-0.794,0.33904999999999996,0.12818857203354753,0.34430000000000005,-0.7467784703125,9.327845,0.0031250000000000444
WFIRST_X625,10.0,9.30,-1.30,-1.310375,0.027730567520337562,-1.3105,0.43637499999999996,0.13939586390922798,0.44500000000000006,-1.2933709140624998,9.34090125,-0.010375000000000023
WFIRST_X625,10.0,9.30,-1.80,-1.828,0.015041608956491336,-1.827,0.49853749999999997,0.11281868127109976,0.47645,-1.8244326328125,9.355003125,-0.028000000000000025
WFIRST_X625,10.0,9.30,-2.20,-2.2255000000000003,0.008972179222463182,-2.2215,0.7638375,0.07522557639360435,0.7668,-2.1981410671874997,9.288271875,-0.025500000000000078
WFIRST_X625,10.0,9.30,0.00,0.012875000000000001,0.01676631667958112,0.009000000000000001,0.6253,0.1509301411249589,0.6519,-0.007407853124999999,9.317835625,0.012875000000000001
WFIRST_X625,10.0,9.30,0.10,0.0875,0.01306713434537198,0.08650000000000001,0.7004375,0.11697569125143055,0.702,0.0816683828125,9.293848125,-0.012500000000000011
WFIRST_X625,10.0,9.50,-0.20,-0.151,0.09151229425601787,-0.188,0.349925,0.3057272303459409,0.3042,-0.1609645765625,9.54674,0.049000000000000016
WFIRST_X625,10.0,9.50,-0.50,-0.49225,0.04456666355023675,-0.47550000000000003,0.28823750000000004,0.24257450369680242,0.23285,-0.36042013593750005,9.50413,0.007749999999999979
WFIRST_X625,10.0,9.50,-0.80,-0.813375,0.03726237210645614,-0.8255000000000001,0.334,0.25654620928791755,0.29290000000000005,-0.5698447921875001,9.475737500000001,-0.013374999999999915
WFIRST_X625,10.0,9.50,-1.30,-1.353375,0.017211460571375112,-1.352,0.3661375,0.15528926989251385,0.40745000000000003,-1.2657251421875002,9.595699999999999,-0.05337499999999995
WFIRST_X625,10.0,9.50,-1.80,-1.5967500000000001,0.6039148843173183,-1.812,0.432775,0.1850737471253014,0.4568,-1.5523738578125,9.549661875,0.20324999999999993
WFIRST_X625,10.0,9.50,-2.20,-2.2331250000000002,0.01458113078605358,-2.233,0.75125,0.12304642416584076,0.6950000000000001,-2.0733579890625005,9.485287499999998,-0.03312500000000007
WFIRST_X625,10.0,9.50,0.00,0.030000000000000006,0.02598076211353316,0.05,0.1602125,0.23221854166657319,0.059250000000000025,-0.023396784375,9.541839375,0.030000000000000006
WFIRST_X625,10.0,9.50,0.10,0.040999999999999995,0.046551047249229524,0.039,0.09600000000000002,0.10643523852559358,0.036150000000000015,0.0196702625,9.6117875,-0.05900000000000001
WFIRST_X625,10.0,9.70,-0.20,-0.143,0.0877453702482359,-0.17049999999999998,0.2331625,0.2089315195075889,0.20140000000000002,-0.1625321796875,9.725288124999999,0.05700000000000002
WFIRST_X625,10.0,9.70,-0.50,-0.35225,0.20581651415763508,-0.45,0.2845625,0.23390759360001545,0.32175,-0.296412803125,9.670246875,0.14775
WFIRST_X625,10.0,9.70,-0.80,-0.4955,0.38560569238536924,-0.75,0.08965000000000001,0.10008490145871152,0.05685000000000004,-0.5883582109375,9.685635625,0.30450000000000005
WFIRST_X625,10.0,9.70,-1.30,-0.989125,0.5720247891263105,-1.3064999999999998,0.23878749999999999,0.17828420735934522,0.232,-1.0349550203125,9.758028125,0.310875
WFIRST_X625,10.0,9.70,-1.80,-1.5897500000000002,0.6010581814599981,-1.815,0.4522625,0.2796657287615878,0.38199999999999995,-1.5936836890625,9.752345625,0.21024999999999983
WFIRST_X625,10.0,9.70,-2.20,-2.23525,0.014376630342329827,-2.2385,0.6666375,0.1585660661798419,0.6938500000000001,-2.0498725593750002,9.682161249999998,-0.035250000000000004
WFIRST_X625,10.0,9.70,0.00,0.00625,0.03903123748998999,0.0,0.0917625,0.1322111846393867,0.00545000000000001,-0.0695428921875,9.816406875,0.00625
WFIRST_X625,10.0,9.70,0.10,0.025,0.025,0.025,0.11892500000000002,0.14024996212120705,0.0408,0.0127335390625,9.833055,-0.07500000000000001
WFIRST_X625,10.0,9.90,-0.20,-0.11887500000000001,0.0967670366137147,-0.15,0.2116625,0.2607723093883819,0.06355000000000004,-0.10679989375,9.844318750000001,0.081125
WFIRST_X625,10.0,9.90,-0.50,-0.39375000000000004,0.14882351124738324,-0.45,0.19225,0.17492924998410073,0.20415,-0.30776720781250005,9.89521625,0.10624999999999996
WFIRST_X625,10.0,9.90,-0.80,-0.41250000000000003,0.41363480269435743,-0.375,0.05933750000000001,0.08602906394788913,0.015350000000000003,-0.4721135296874999,9.828644375,0.3875
WFIRST_X625,10.0,9.90,-1.30,-0.671,0.6710910891972863,-0.6575,0.1512375,0.1525866470034321,0.13690000000000002,-0.9350092515625003,9.893669375000002,0.629
WFIRST_X625,10.0,9.90,-1.80,-1.60225,0.6066565647052704,-1.827,0.42745,0.22017839358120495,0.4575,-1.4555555890624998,9.941174999999998,0.1977500000000001
WFIRST_X625,10.0,9.90,-2.20,-2.244125,0.012494373733805228,-2.25,0.6316125,0.14976469408291795,0.6198,-1.912021684375,9.8685125,-0.04412499999999975
WFIRST_X625,10.0,9.90,0.00,-0.00012499999999999838,0.061135990831915045,0.0,0.050887499999999995,0.11688889422759549,0.0,-0.03339427656249999,9.938804999999999,-0.00012499999999999838
WFIRST_X625,10.0,9.90,0.10,0.0125,0.02165063509461097,0.0,0.048225000000000004,0.09060332154507361,0.0,0.0430091890625,10.03692625,-0.08750000000000001
WFIRST_Z087,4.0,10.00,-0.20,-0.21275,0.00547151715705982,-0.21250000000000002,0.8304125,0.049618455172949515,0.8515999999999999,-0.21486594374999998,9.993709999999998,-0.012749999999999984
WFIRST_Z087,4.0,10.00,-0.50,-0.5251250000000001,0.006333196270446707,-0.5255000000000001,0.9356500000000001,0.038868785676941325,0.9457,-0.5135389328125001,9.994816875000001,-0.025125000000000064
WFIRST_Z087,4.0,10.00,-0.80,-0.8284999999999999,0.0033541019662496918,-0.8295,0.8504,0.022711781083833985,0.8597,-0.8163386531249999,9.991,-0.02849999999999986
WFIRST_Z087,4.0,10.00,-1.30,-1.3232499999999998,0.003699662146737174,-1.3245,0.7677625,0.03815697634443797,0.7718,-1.3272638031249997,9.988334375,-0.02324999999999977
WFIRST_Z087,4.0,10.00,-1.80,-1.82225,0.003665719574653781,-1.824,0.7187125,0.026287803136625917,0.72105,-1.8291361296875,9.984221875,-0.02224999999999988
WFIRST_Z087,4.0,10.00,-2.20,-2.241375,0.0024462982238477094,-2.242,0.7751,0.026671660990646984,0.77265,-2.2317172125000004,9.985623749999998,-0.04137499999999994
WFIRST_Z087,4.0,10.00,0.00,-0.02675,0.006851094803022359,-0.027999999999999997,0.7015500000000001,0.08455082790842441,0.68025,-0.0206289921875,9.997085,-0.02675
WFIRST_Z087,4.0,10.00,0.10,0.109,0.011236102527122118,0.107,0.5447875,0.09241086837461274,0.57115,0.0773666375,9.998052499999998,0.008999999999999994
WFIRST_Z087,4.0,10.10,-0.20,-0.223375,0.004794202227691275,-0.22299999999999998,0.8986000000000001,0.04196257260940993,0.9097999999999999,-0.219139278125,10.09146125,-0.02337499999999998
WFIRST_Z087,4.0,10.10,-0.50,-0.523,0.004582575694955844,-0.524,0.90215,0.048763972356648706,0.91165,-0.5154542062500002,10.092354375000003,-0.02300000000000002
WFIRST_Z087,4.0,10.10,-0.80,-0.820125,0.002315032397181515,-0.821,0.7822749999999999,0.026250607135835942,0.77935,-0.820488359375,10.087625,-0.02012499999999995
WFIRST_Z087,4.0,10.10,-1.30,-1.3236249999999998,0.00254644359843292,-1.3245,0.7658,0.018040371393072806,0.7678499999999999,-1.3283607953125,10.086551875,-0.023624999999999785
WFIRST_Z087,4.0,10.10,-1.80,-1.8290000000000002,0.0037416573867739148,-1.829,0.777225,0.034013260281837154,0.77655,-1.8383996484375005,10.086067500000002,-0.029000000000000137
WFIRST_Z087,4.0,10.10,-2.20,-2.2491250000000003,0.0016909686573085346,-2.25,0.8657875,0.03107979397856429,0.87155,-2.2270606671875006,10.086745625,-0.049125000000000085
WFIRST_Z087,4.0,10.10,0.00,-0.01675,0.002046338192968113,-0.018000000000000002,0.9021375,0.027006431525657005,0.90635,-0.015366296875000001,10.093561875,-0.01675
WFIRST_Z087,4.0,10.10,0.10,0.08237499999999999,0.0028695600708122495,0.08299999999999999,0.96695,0.021788299612406657,0.97505,0.07989204218749998,10.096337500000002,-0.017625000000000016
WFIRST_Z087,4.0,9.30,-0.20,-0.2175,0.0033911649915626275,-0.21650000000000003,0.8217125000000001,0.048812970548308174,0.8505,-0.2173653359375,9.300680625000002,-0.017499999999999988
WFIRST_Z087,4.0,9.30,-0.50,-0.512375,0.004151430476353907,-0.5135000000000001,0.7602375000000001,0.05474824055392098,0.77,-0.5186850515625,9.294387500000003,-0.012375000000000025
WFIRST_Z087,4.0,9.30,-0.80,-0.8246249999999999,0.005588772226527041,-0.8240000000000001,0.8199124999999999,0.05572477988965052,0.8246,-0.8225030828124998,9.30607625,-0.024624999999999897
WFIRST_Z087,4.0,9.30,-1.30,-1.334875,0.005372092236736042,-1.3359999999999999,0.844625,0.05112550122003692,0.86025,-1.319008628125,9.295941249999998,-0.03487499999999999
WFIRST_Z087,4.0,9.30,-1.80,-1.818,0.004123105625617658,-1.8165,0.7343500000000001,0.03447082099399433,0.7134,-1.8078610859375002,9.286171875,-0.018000000000000016
WFIRST_Z087,4.0,9.30,-2.20,-2.203125,0.002315032397181532,-2.2030000000000003,0.7524124999999999,0.011789872507792447,0.75125,-2.1861798234375,9.286142500000002,-0.0031249999999998224
WFIRST_Z087,4.0,9.30,0.00,-0.0075000000000000015,0.005074445782546111,-0.006999999999999999,0.5943625,0.06864040241541418,0.581,-0.028086584374999994,9.31325875,-0.0075000000000000015
WFIRST_Z087,4.0,9.30,0.10,0.087875,0.002315032397181514,0.08800000000000001,0.645025,0.0653063310483754,0.6638000000000001,0.0741758921875,9.30141,-0.01212500000000001
WFIRST_Z087,4.0,9.50,-0.20,-0.21799999999999997,0.0056347138347923225,-0.21899999999999997,0.7288125000000001,0.09677408534184141,0.7571000000000001,-0.21706563906249995,9.504438750000002,-0.01799999999999996
WFIRST_Z087,4.0,9.50,-0.50,-0.5195000000000001,0.00614410286372226,-0.5175000000000001,0.8487625000000001,0.07565003201420341,0.8283,-0.5058829500000002,9.495759375,-0.019500000000000073
WFIRST_Z087,4.0,9.50,-0.80,-0.8215,0.008306623862918066,-0.8205,0.7998125,0.06789060018699203,0.8019499999999999,-0.8224228578124999,9.492894374999999,-0.021499999999999964
WFIRST_Z087,4.0,9.50,-1.30,-1.3335,0.0040311288741493095,-1.3330000000000002,0.8473375,0.04394638601466565,0.83935,-1.3280774046874997,9.49213875,-0.03349999999999986
WFIRST_Z087,4.0,9.50,-1.80,-1.8181249999999998,0.008535770322589516,-1.8155,0.6312125,0.03710860538675634,0.6365000000000001,-1.8133615187499996,9.4819675,-0.018124999999999725
WFIRST_Z087,4.0,9.50,-2.20,-2.217875,0.0027128168017764693,-2.218,0.7153625,0.02171629212711047,0.71895,-2.189109484375,9.4820725,-0.01787499999999964
WFIRST_Z087,4.0,9.50,0.00,-0.011125,0.009184735978785672,-0.013000000000000001,0.6423375,0.14324230291275689,0.67525,-0.017090581249999997,9.495816875,-0.011125
WFIRST_Z087,4.0,9.50,0.10,0.09075,0.008511022265274601,0.0895,0.741875,0.08261005916351832,0.7841,0.07286342812499999,9.501558124999999,-0.009250000000000008
WFIRST_Z087,4.0,9.70,-0.20,-0.206875,0.0042555111326373005,-0.207,0.633025,0.041390812688324924,0.64185,-0.2097464375,9.700719375,-0.006874999999999992
WFIRST_Z087,4.0,9.70,-0.50,-0.5213749999999999,0.00444233891097922,-0.521,0.8603624999999999,0.08664281472661192,0.8788499999999999,-0.5061701421874999,9.697826249999999,-0.021374999999999922
WFIRST_Z087,4.0,9.70,-0.80,-0.831125,0.0032953565816160094,-0.8315,0.91085,0.02861162351213228,0.9162,-0.821120728125,9.690252500000001,-0.031124999999999958
WFIRST_Z087,4.0,9.70,-1.30,-1.32375,0.004235268586524379,-1.324,0.7614875,0.02676921914718469,0.7677,-1.3285880984374998,9.687193125,-0.023749999999999938
WFIRST_Z087,4.0,9.70,-1.80,-1.8210000000000002,0.003391164991562637,-1.82,0.6959500000000001,0.033913861472855016,0.7134,-1.8253474718750002,9.6838775,-0.02100000000000013
WFIRST_Z087,4.0,9.70,-2.20,-2.2135,0.0023452078799118116,-2.2125,0.806125,0.026984474703058436,0.8077000000000001,-2.2173201609374997,9.685944999999998,-0.013499999999999623
WFIRST_Z087,4.0,9.70,0.00,-0.009625000000000002,0.003998046397929869,-0.009500000000000001,0.6749375,0.07081881701744247,0.6924,-0.029294509375,9.7127875,-0.009625000000000002
WFIRST_Z087,4.0,9.70,0.10,0.089375,0.006203577596838782,0.0885,0.7348874999999999,0.0696866816095443,0.7131000000000001,0.0655124328125,9.709900625,-0.01062500000000001
WFIRST_Z087,4.0,9.90,-0.20,-0.208625,0.0044423389109792145,-0.21000000000000002,0.8049375000000001,0.047991846638257195,0.8211999999999999,-0.21069127343750005,9.892117500000001,-0.008624999999999994
WFIRST_Z087,4.0,9.90,-0.50,-0.5265,0.00868907359849139,-0.526,0.677475,0.08667209398070409,0.6547499999999999,-0.5034320203125,9.89208625,-0.026499999999999968
WFIRST_Z087,4.0,9.90,-0.80,-0.83325,0.004437059837324695,-0.833,0.741175,0.04536831906738445,0.7201500000000001,-0.819980859375,9.883900625,-0.03325
WFIRST_Z087,4.0,9.90,-1.30,-1.321625,0.0038385381331960417,-1.3225,0.766925,0.038622491827949204,0.7545,-1.3249709078125003,9.888655,-0.021625000000000005
WFIRST_Z087,4.0,9.90,-1.80,-1.8246250000000002,0.0034618456060315898,-1.8255,0.6718,0.024944287923290176,0.66065,-1.836330096875,9.883233749999999,-0.02462500000000012
WFIRST_Z087,4.0,9.90,-2.20,-2.2255000000000003,0.003999999999999955,-2.2245,0.8125,0.02378024390118823,0.80655,-2.2245766281250003,9.885664375000001,-0.025500000000000078
WFIRST_Z087,4.0,9.90,0.00,-0.014875000000000001,0.00220439901106855,-0.0145,0.7696749999999999,0.06977033305782625,0.7782499999999999,-0.018337678124999996,9.89479375,-0.014875000000000001
WFIRST_Z087,4.0,9.90,0.10,0.088,0.004472135954999581,0.088,0.7873625,0.0889135807610401,0.8153999999999999,0.07896753749999999,9.896533750000001,-0.01200000000000001
WFIRST_Z087,6.0,10.00,-0.20,-0.2065,0.010380269746013342,-0.20350000000000001,0.7123875,0.15865001920500987,0.78935,-0.19191449062499996,10.003341875,-0.006499999999999978
WFIRST_Z087,6.0,10.00,-0.50,-0.5211250000000001,0.004621620386834042,-0.5215000000000001,0.922525,0.08376602458634407,0.96025,-0.5010596312500001,9.997574375000003,-0.02112500000000006
WFIRST_Z087,6.0,10.00,-0.80,-0.82975,0.004602988159880491,-0.8275,0.936575,0.07065364021053694,0.96265,-0.7986451499999999,9.998007500000002,-0.029749999999999943
WFIRST_Z087,6.0,10.00,-1.30,-1.31475,0.005043560250458019,-1.3145,0.7033875,0.08234914142691473,0.69655,-1.2795666546875004,9.997315,-0.01475000000000004
WFIRST_Z087,6.0,10.00,-1.80,-1.83575,0.0093774996667555,-1.837,0.7685,0.09148512174118804,0.71255,-1.7969679796874998,10.004074375,-0.03574999999999995
WFIRST_Z087,6.0,10.00,-2.20,-2.2424999999999997,0.01071214264281424,-2.249,0.4498375,0.15569612180060877,0.48705,-2.192736253125,9.983165625,-0.04249999999999954
WFIRST_Z087,6.0,10.00,0.00,-0.0027500000000000007,0.02351993835025934,-0.007000000000000001,0.6036375,0.24879303616409768,0.6475,-0.022298003125,10.015246249999999,-0.0027500000000000007
WFIRST_Z087,6.0,10.00,0.10,0.09225,0.025708704751503914,0.091,0.575375,0.20372818748273394,0.61345,0.040897106249999995,10.00900125,-0.007750000000000007
WFIRST_Z087,6.0,10.10,-0.20,-0.20887499999999998,0.007959860237466476,-0.2115,0.6959,0.11845103418712731,0.6953,-0.19844796874999995,10.079080624999998,-0.008874999999999966
WFIRST_Z087,6.0,10.10,-0.50,-0.5198750000000001,0.006622641089474809,-0.5195000000000001,0.899125,0.08713690019159506,0.9091,-0.5098904625,10.09205125,-0.019875000000000087
WFIRST_Z087,6.0,10.10,-0.80,-0.820875,0.007131575912797968,-0.8200000000000001,0.9294,0.06275549776712794,0.9459,-0.7986169015625,10.094901874999998,-0.020874999999999977
WFIRST_Z087,6.0,10.10,-1.30,-1.325875,0.008417801078666645,-1.325,0.875225,0.05481593632329927,0.8766,-1.3114915546875001,10.088441875000001,-0.02587499999999987
WFIRST_Z087,6.0,10.10,-1.80,-1.854,0.015937377450509244,-1.8539999999999999,0.8668875,0.034221500460236996,0.8673500000000001,-1.7856538234375001,10.082608125000002,-0.05400000000000005
WFIRST_Z087,6.0,10.10,-2.20,-2.23925,0.007578753195612099,-2.2359999999999998,0.87595,0.06434345343545061,0.86805,-2.132603234375,10.082648124999999,-0.03925000000000001
WFIRST_Z087,6.0,10.10,0.00,-0.015375,0.008153795128650217,-0.017,0.8602125,0.06902494906734812,0.8712500000000001,-0.009917354687500001,10.085266875,-0.015375
WFIRST_Z087,6.0,10.10,0.10,0.092125,0.003059309562630103,0.092,0.8635250000000001,0.08444035987014742,0.879,0.0884998765625,10.092041250000003,-0.007875000000000007
WFIRST_Z087,6.0,9.30,-0.20,-0.222375,0.0033142683958907147,-0.2215,0.7837375,0.05890922969917361,0.78665,-0.212221825,9.302116875,-0.022374999999999978
WFIRST_Z087,6.0,9.30,-0.50,-0.5175000000000001,0.009027735042633902,-0.52,0.6049375,0.06817717612038503,0.5887,-0.5271271500000001,9.322208125,-0.01750000000000007
WFIRST_Z087,6.0,9.30,-0.80,-0.8143750000000001,0.008275528684017697,-0.8165,0.64505,0.07559699068084656,0.65065,-0.8251357328125,9.305003750000001,-0.014375000000000027
WFIRST_Z087,6.0,9.30,-1.30,-1.3285,0.0028284271247461927,-1.329,0.8671875,0.036848115199423694,0.8672,-1.3212597484375002,9.295390625000001,-0.02849999999999997
WFIRST_Z087,6.0,9.30,-1.80,-1.81775,0.0025372228912731035,-1.818,0.7159125,0.04186207823018348,0.7217499999999999,-1.7853732031249998,9.286630625,-0.017749999999999932
WFIRST_Z087,6.0,9.30,-2.20,-2.21525,0.0036657195746538796,-2.216,0.7874375,0.03244132925374669,0.7927,-2.1897313796875,9.2851625,-0.015249999999999986
WFIRST_Z087,6.0,9.30,0.00,0.0055000000000000005,0.010977249200050075,0.005,0.4445125,0.14016215107421118,0.44154999999999994,-0.039803951562499995,9.339668750000001,0.0055000000000000005
WFIRST_Z087,6.0,9.30,0.10,0.07162500000000001,0.006981001002721604,0.07150000000000001,0.643475,0.11000094033688984,0.66075,0.0700864921875,9.307535625,-0.028374999999999997
WFIRST_Z087,6.0,9.50,-0.20,-0.23575000000000002,0.021913180964889603,-0.2465,0.38597500000000007,0.11002087017925281,0.40055,-0.22701642031250002,9.53407,-0.035750000000000004
WFIRST_Z087,6.0,9.50,-0.50,-0.504125,0.023929257719369403,-0.5135000000000001,0.47635,0.18772852740060578,0.5268,-0.49186985625,9.5010275,-0.004125000000000045
WFIRST_Z087,6.0,9.50,-0.80,-0.8206249999999999,0.018309406735336892,-0.8180000000000001,0.6436375000000001,0.13169674386160807,0.6152,-0.8195631578125001,9.494345000000001,-0.020624999999999893
WFIRST_Z087,6.0,9.50,-1.30,-1.338,0.00409267638593629,-1.3375,0.810575,0.05109681374606443,0.81885,-1.3228558703125,9.500213125,-0.038000000000000034
WFIRST_Z087,6.0,9.50,-1.80,-1.8236249999999998,0.006460214779711257,-1.8235,0.722925,0.021880684975566896,0.72195,-1.7944984140625,9.487474999999998,-0.023624999999999785
WFIRST_Z087,6.0,9.50,-2.20,-2.232375,0.008586872247797757,-2.2355,0.7856875,0.04660333779623514,0.8006,-2.2015008718750004,9.485778125,-0.03237500000000004
WFIRST_Z087,6.0,9.50,0.00,0.011625,0.036486084676215946,0.014499999999999999,0.1915875,0.12345797298574927,0.18379999999999996,-0.023417020312500002,9.528120625,0.011625
WFIRST_Z087,6.0,9.50,0.10,0.10125,0.009430668056930007,0.10450000000000001,0.5010125000000001,0.10795924505918891,0.4966499999999999,0.04818152500000001,9.553748125,0.0012500000000000011
WFIRST_Z087,6.0,9.70,-0.20,-0.19487500000000002,0.01836734534438769,-0.20299999999999999,0.5095624999999999,0.14382432806639495,0.5452999999999999,-0.2180771875,9.747616874999999,0.005124999999999991
WFIRST_Z087,6.0,9.70,-0.50,-0.516375,0.009136978439287255,-0.518,0.7004250000000001,0.1729496584992292,0.70745,-0.5051849906250001,9.70216875,-0.01637500000000003
WFIRST_Z087,6.0,9.70,-0.80,-0.831875,0.005348773223833652,-0.8315,0.8273625,0.08453330612101952,0.7997,-0.8111659109375001,9.686185,-0.03187499999999999
WFIRST_Z087,6.0,9.70,-1.30,-1.33825,0.005309190145398771,-1.3370000000000002,0.795875,0.12655895612322346,0.8245499999999999,-1.2883385046874998,9.697679375,-0.038249999999999895
WFIRST_Z087,6.0,9.70,-1.80,-1.8175000000000001,0.0059371710435189426,-1.8205,0.6948375,0.038246010821391584,0.7009000000000001,-1.78777234375,9.706567499999998,-0.01750000000000007
WFIRST_Z087,6.0,9.70,-2.20,-2.241,0.006284902544988282,-2.2425,0.8282,0.03675017006763369,0.8273999999999999,-2.15902976875,9.686086249999999,-0.040999999999999925
WFIRST_Z087,6.0,9.70,0.00,0.007375,0.015699820858850588,-0.001,0.51655,0.13763682283458886,0.5091000000000001,-0.027871409374999996,9.748849999999997,0.007375
WFIRST_Z087,6.0,9.70,0.10,0.081875,0.020847286993755328,0.08549999999999999,0.471475,0.16868677148786743,0.54025,0.028641576562499996,9.779731249999998,-0.018125000000000002
WFIRST_Z087,6.0,9.90,-0.20,-0.214625,0.009313129173376691,-0.213,0.6816500000000001,0.09206135182583403,0.648,-0.21337059218750004,9.921348750000002,-0.014624999999999999
WFIRST_Z087,6.0,9.90,-0.50,-0.52575,0.009562295749452646,-0.5255000000000001,0.7150624999999999,0.15370712359467925,0.73065,-0.49179988124999996,9.895103124999999,-0.02575000000000005
WFIRST_Z087,6.0,9.90,-0.80,-0.8286250000000001,0.01095373794647292,-0.8265,0.5864875,0.13315288616380044,0.59595,-0.8236568359375,9.894827500000002,-0.02862500000000001
WFIRST_Z087,6.0,9.90,-1.30,-1.3185,0.005545268253204778,-1.3185,0.7796625,0.04316757861810178,0.7841499999999999,-1.2518168171875,9.9192175,-0.01849999999999996
WFIRST_Z087,6.0,9.90,-1.80,-1.831,0.015141003929726752,-1.825,0.7176625000000001,0.08214205587730321,0.74085,-1.7420521296875002,9.90541,-0.030999999999999917
WFIRST_Z087,6.0,9.90,-2.20,-2.242625,0.008601417034419348,-2.246,0.7426375000000001,0.1338348977051576,0.78085,-2.09939859375,9.88312375,-0.04262499999999969
WFIRST_Z087,6.0,9.90,0.00,-0.014875000000000001,0.007540515565927837,-0.0165,0.565125,0.15697968618582472,0.5658,-0.0407319765625,9.92816125,-0.014875000000000001
WFIRST_Z087,6.0,9.90,0.10,0.111875,0.021837110042311002,0.10250000000000001,0.4890375,0.21836783724658262,0.47424999999999995,0.0783838703125,9.90215375,0.011874999999999997
WFIRST_Z087,8.0,10.00,-0.20,-0.16812500000000002,0.07494070572792867,-0.1655,0.311625,0.30431606000176853,0.21685,-0.08156123593750002,9.83882375,0.03187499999999999
WFIRST_Z087,8.0,10.00,-0.50,-0.395125,0.23024521574834078,-0.5325,0.2154625,0.21979200928093362,0.2025,-0.247568209375,9.867551250000002,0.104875
WFIRST_Z087,8.0,10.00,-0.80,-0.711625,0.27205832899398613,-0.8140000000000001,0.2860125,0.19459778671338993,0.23745000000000002,-0.5083560484374999,9.922174374999999,0.08837500000000009
WFIRST_Z087,8.0,10.00,-1.30,-1.3319999999999999,0.017464249196573033,-1.326,0.605625,0.18638391662104323,0.6214500000000001,-1.2247507031250002,10.01159,-0.031999999999999806
WFIRST_Z087,8.0,10.00,-1.80,-1.833125,0.007218682358990417,-1.834,0.7048875,0.09338458702457271,0.71775,-1.6993211671875,9.9814875,-0.03312499999999985
WFIRST_Z087,8.0,10.00,-2.20,-2.2315,0.02152905014161099,-2.241,0.3340625,0.11599759628436274,0.39,-1.956150409375,9.927686875,-0.03149999999999986
WFIRST_Z087,8.0,10.00,0.00,0.030125,0.05445740881643195,0.020499999999999997,0.243825,0.2444148049423357,0.1653,0.022338442187500005,9.906661249999999,0.030125
WFIRST_Z087,8.0,10.00,0.10,0.120125,0.04239822372458544,0.15,0.25422500000000003,0.19464763516416014,0.22075,0.09395325937499999,9.933760624999998,0.02012499999999999
WFIRST_Z087,8.0,10.10,-0.20,-0.18662499999999999,0.04016197673172973,-0.16849999999999998,0.248025,0.15883602196919938,0.23785,-0.08403863749999997,9.9195425,0.013375000000000026
WFIRST_Z087,8.0,10.10,-0.50,-0.43175,0.16565381824757314,-0.489,0.4514625,0.2578851388578838,0.51925,-0.32882180625,9.96178375,0.06824999999999998
WFIRST_Z087,8.0,10.10,-0.80,-0.83175,0.027824225056594102,-0.8454999999999999,0.38856250000000003,0.2634959626706831,0.3375,-0.6455048328125,10.002231875000001,-0.031749999999999945
WFIRST_Z087,8.0,10.10,-1.30,-1.3265,0.05129083738836792,-1.317,0.3960875,0.2511286096679349,0.3413999999999999,-1.1661240249999998,10.026638125,-0.026499999999999968
WFIRST_Z087,8.0,10.10,-1.80,-1.8443749999999999,0.013747158797366137,-1.8425,0.8703375,0.03892974240538974,0.86795,-1.6811112687499998,10.063051249999997,-0.04437499999999983
WFIRST_Z087,8.0,10.10,-2.20,-2.22975,0.012457427503301019,-2.2265,0.6953750000000001,0.09477960948959431,0.71705,-1.942200946875,10.018755,-0.029749999999999943
WFIRST_Z087,8.0,10.10,0.00,-0.02725,0.032313890202202517,-0.045,0.16023750000000003,0.14025427745259683,0.1778,0.025844954687499998,9.973758125,-0.02725
WFIRST_Z087,8.0,10.10,0.10,0.13874999999999998,0.019543221331193072,0.15,0.31846250000000004,0.18809014419620718,0.3683,0.10912017968749997,10.038011250000002,0.03874999999999998
WFIRST_Z087,8.0,9.30,-0.20,-0.18025,0.03454978292261762,-0.16899999999999998,0.311175,0.12936318786656426,0.2901,-0.19478839999999997,9.369064375,0.019750000000000018
WFIRST_Z087,8.0,9.30,-0.50,-0.511375,0.011789163456327181,-0.5145,0.5037375,0.15774681405261406,0.5055,-0.49996042656249995,9.360536250000001,-0.011375000000000024
WFIRST_Z087,8.0,9.30,-0.80,-0.811875,0.037763863348444636,-0.8320000000000001,0.29175,0.13101917798551477,0.27005,-0.803547971875,9.3466825,-0.011874999999999969
WFIRST_Z087,8.0,9.30,-1.30,-1.331125,0.01072890371846072,-1.3295,0.611075,0.06754211186363661,0.6225,-1.367532178125,9.349165000000001,-0.031124999999999847
WFIRST_Z087,8.0,9.30,-1.80,-1.8388749999999998,0.015177594506376827,-1.8335,0.473325,0.06419288804065447,0.46185,-1.7807296828124999,9.344024375,-0.03887499999999977
WFIRST_Z087,8.0,9.30,-2.20,-2.213875,0.005254462389245842,-2.215,0.75215,0.043428274200110674,0.7414000000000001,-2.2021964203124997,9.286169375,-0.013874999999999638
WFIRST_Z087,8.0,9.30,0.00,-0.0002499999999999998,0.011797775213996917,-0.0015,0.57375,0.1890321731875291,0.6145499999999999,-0.013820945312499998,9.3178,-0.0002499999999999998
WFIRST_Z087,8.0,9.30,0.10,0.089,0.0022360679774997916,0.08900000000000001,0.6454125,0.21359216650839513,0.7322,0.0807226,9.289364375,-0.01100000000000001
WFIRST_Z087,8.0,9.50,-0.20,-0.14625,0.06401904013650939,-0.15,0.2000625,0.14501261098176943,0.23645,-0.11551078125,9.461381875,0.05375000000000002
WFIRST_Z087,8.0,9.50,-0.50,-0.44875,0.17467380313029202,-0.52,0.18336249999999998,0.08994762277987117,0.18455,-0.4231519625,9.534239374999999,0.05125000000000002
WFIRST_Z087,8.0,9.50,-0.80,-0.8130000000000001,0.037178622890042624,-0.8195000000000001,0.31248750000000003,0.17029446877027452,0.2673,-0.671154584375,9.571529375,-0.013000000000000012
WFIRST_Z087,8.0,9.50,-1.30,-1.344125,0.02146763552420245,-1.35,0.2694625,0.10931271583740843,0.2442,-1.3046478734375002,9.567283750000001,-0.04412499999999997
WFIRST_Z087,8.0,9.50,-1.80,-1.8377499999999998,0.01128882190487569,-1.8339999999999999,0.5871,0.10197102529640466,0.58365,-1.7618685390624997,9.534828749999999,-0.03774999999999973
WFIRST_Z087,8.0,9.50,-2.20,-2.23625,0.01009641025315437,-2.2344999999999997,0.663775,0.12593261839174155,0.69855,-2.1402270296875,9.481385,-0.03624999999999989
WFIRST_Z087,8.0,9.50,0.00,0.031000000000000003,0.03252691193458118,0.05,0.37353749999999997,0.11587443567823752,0.34785,0.013594220312500004,9.467471250000001,0.031000000000000003
WFIRST_Z087,8.0,9.50,0.10,0.102125,0.02908795927871187,0.0915,0.5369125,0.12288944663293916,0.56265,0.0794141921875,9.48231625,0.002124999999999988
WFIRST_Z087,8.0,9.70,-0.20,-0.12275,0.10107515767981765,-0.15,0.20006249999999998,0.1924867134213424,0.185,-0.117332740625,9.618489999999998,0.07725000000000001
WFIRST_Z087,8.0,9.70,-0.50,-0.40349999999999997,0.1541776572658957,-0.45,0.26187499999999997,0.17982098563571497,0.22615,-0.3366641390625,9.697872499999999,0.09650000000000003
WFIRST_Z087,8.0,9.70,-0.80,-0.74,0.2824495530178796,-0.85,0.2083375,0.170068471045488,0.15889999999999999,-0.5630501140624999,9.723124375000001,0.06000000000000005
WFIRST_Z087,8.0,9.70,-1.30,-1.1531250000000002,0.4363107944745351,-1.314,0.3609875,0.1803091542150592,0.38395,-1.1604819843750003,9.765036875,0.14687499999999987
WFIRST_Z087,8.0,9.70,-1.80,-1.8391250000000001,0.013061752370949318,-1.8445,0.5186875,0.20512299625773311,0.5831999999999999,-1.815902528125,9.744902499999998,-0.039125000000000076
WFIRST_Z087,8.0,9.70,-2.20,-2.2225,0.010331989159885941,-2.2199999999999998,0.6801250000000001,0.121727592907278,0.6980500000000001,-1.9859096812500001,9.680176250000002,-0.022499999999999964
WFIRST_Z087,8.0,9.70,0.00,0.037500000000000006,0.021650635094610966,0.05,0.13641250000000002,0.10789011119537326,0.16810000000000003,0.02136874375,9.670485625000001,0.037500000000000006
WFIRST_Z087,8.0,9.70,0.10,0.10900000000000001,0.05216080904280531,0.133,0.24893749999999998,0.14814151121056518,0.25850000000000006,0.07311359062499999,9.700441249999999,0.009000000000000008
WFIRST_Z087,8.0,9.90,-0.20,-0.1725,0.10449282272003182,-0.24,0.1683875,0.1897716814852785,0.1016,-0.08484637968749999,9.782355000000003,0.027500000000000024
WFIRST_Z087,8.0,9.90,-0.50,-0.28125,0.22351943427809584,-0.4,0.10774999999999998,0.17292894494560473,0.0034500000000000086,-0.28838562500000003,9.8519825,0.21875
WFIRST_Z087,8.0,9.90,-0.80,-0.52425,0.40646824906750095,-0.8220000000000001,0.1648875,0.18026972456225146,0.12079999999999999,-0.5361818546874999,9.871644374999999,0.27575000000000005
WFIRST_Z087,8.0,9.90,-1.30,-1.3323749999999999,0.01772665718628305,-1.337,0.5050125000000001,0.12523417502323397,0.5082,-1.1701343234375001,9.933043750000001,-0.03237499999999982
WFIRST_Z087,8.0,9.90,-1.80,-1.844125,0.018771237971961244,-1.8504999999999998,0.616975,0.18757810206684575,0.6073500000000001,-1.62821391875,9.9062925,-0.04412499999999997
WFIRST_Z087,8.0,9.90,-2.20,-2.232375,0.010862061268470264,-2.2275,0.5710625,0.13428671692967253,0.6086,-1.987081075,9.840728125000002,-0.03237500000000004
WFIRST_Z087,8.0,9.90,0.00,0.0125,0.033071891388307385,0.0,0.140125,0.17238242913649873,0.0685,0.013153687499999999,9.854016875000001,0.0125
WFIRST_Z087,8.0,9.90,0.10,0.09625,0.045532268777208985,0.0865,0.3245625,0.1955755284889958,0.30665,0.06961964531249999,9.904378125000001,-0.0037500000000000033
WFIRST_Z087,10.0,10.00,-0.20,-0.125,0.07905694150420949,-0.15,0.1650375,0.10629869398891972,0.1887,-0.03745498750000001,9.765306874999998,0.07500000000000001
WFIRST_Z087,10.0,10.00,-0.50,-0.30300000000000005,0.23677996114536382,-0.45,0.1192375,0.13655925396599822,0.0413,-0.18361599375,9.79271125,0.19699999999999995
WFIRST_Z087,10.0,10.00,-0.80,-0.60575,0.35172885508584595,-0.7785,0.2532,0.2456041021644386,0.16510000000000005,-0.43510316562500007,9.846216875,0.19425000000000003
WFIRST_Z087,10.0,10.00,-1.30,-1.337,0.009473647660748196,-1.337,0.5949249999999999,0.12440598608989843,0.62,-1.1420669421874998,9.989611875,-0.03699999999999992
WFIRST_Z087,10.0,10.00,-1.80,-1.841625,0.017160547048389794,-1.8424999999999998,0.544675,0.15883953970910392,0.5873499999999999,-1.61953638125,9.97208125,-0.04162500000000002
WFIRST_Z087,10.0,10.00,-2.20,-2.2276249999999997,0.03300733819925503,-2.2445,0.5659375,0.20336642383576992,0.5857,-1.8517902734374998,9.950941874999998,-0.027624999999999567
WFIRST_Z087,10.0,10.00,0.00,-0.0008750000000000008,0.042342170173480714,0.0,0.11935000000000001,0.11567738543034244,0.09455000000000002,0.011410625,9.93933125,-0.0008750000000000008
WFIRST_Z087,10.0,10.00,0.10,0.110625,0.04202361687194475,0.123,0.3884375,0.20455197345357,0.391,0.09422326875,9.94958625,0.010624999999999996
WFIRST_Z087,10.0,10.10,-0.20,-0.12625,0.07836572911675103,-0.15,0.33132500000000004,0.2437772228388042,0.3325,-0.0627060953125,9.8803025,0.07375000000000001
WFIRST_Z087,10.0,10.10,-0.50,-0.423875,0.1653182064232491,-0.4505,0.31233750000000005,0.17134524313137495,0.2995000000000001,-0.236165340625,9.850871875000001,0.076125
WFIRST_Z087,10.0,10.10,-0.80,-0.725875,0.27621162063714844,-0.8405,0.3278625,0.2269076019963853,0.39135,-0.484702175,9.949354375,0.074125
WFIRST_Z087,10.0,10.10,-1.30,-1.126875,0.42808218764041095,-1.25,0.2604875,0.18540507974095533,0.26454999999999995,-1.0540472296875,9.995531875000001,0.17312499999999997
WFIRST_Z087,10.0,10.10,-1.80,-1.841625,0.014789671226906958,-1.8439999999999999,0.8777250000000001,0.04734693099874583,0.8896,-1.7148661093750004,10.061316250000003,-0.04162500000000002
WFIRST_Z087,10.0,10.10,-2.20,-2.2258750000000003,0.032211944601343176,-2.238,0.7164,0.1787903590801249,0.71745,-1.9369808156250001,10.017437500000002,-0.025875000000000092
WFIRST_Z087,10.0,10.10,0.00,0.0215,0.058187197904693774,0.0,0.18473749999999994,0.23294120469283663,0.09689999999999999,0.0355473015625,9.943414375000001,0.0215
WFIRST_Z087,10.0,10.10,0.10,0.10700000000000001,0.025753640519351816,0.11,0.6368375,0.20480086631591674,0.7108,0.0887269875,10.071605,0.007000000000000006
WFIRST_Z087,10.0,9.30,-0.20,-0.191125,0.0323590694396486,-0.192,0.2038,0.10074133957814933,0.19715,-0.19713835468749996,9.330753125000001,0.008875000000000022
WFIRST_Z087,10.0,9.30,-0.50,-0.49575,0.028760867511255638,-0.5075000000000001,0.46830000000000005,0.2507884716249932,0.44290000000000007,-0.3823188234375001,9.311631875,0.004249999999999976
WFIRST_Z087,10.0,9.30,-0.80,-0.8338749999999999,0.017926499239951998,-0.8305,0.36231250000000004,0.22521296275692035,0.44945,-0.7020082765625001,9.31560875,-0.03387499999999988
WFIRST_Z087,10.0,9.30,-1.30,-1.336125,0.04457700500257956,-1.338,0.26416249999999997,0.14380330261767288,0.29114999999999996,-1.3634576171875,9.3977725,-0.03612499999999996
WFIRST_Z087,10.0,9.30,-1.80,-1.83125,0.031179921423890707,-1.8335,0.35724999999999996,0.1487909523459004,0.33455,-1.6973654140625003,9.343450625,-0.03125
WFIRST_Z087,10.0,9.30,-2.20,-2.2188749999999997,0.010717246614686069,-2.219,0.731275,0.09528916189682854,0.7363500000000001,-2.1883399953125,9.2820375,-0.01887499999999953
WFIRST_Z087,10.0,9.30,0.00,0.0063750000000000005,0.026376777191309785,-0.007500000000000001,0.6231875,0.2734271723763935,0.69065,-0.0083830390625,9.322975625000002,0.0063750000000000005
WFIRST_Z087,10.0,9.30,0.10,0.095375,0.007761080788137694,0.0955,0.6953375,0.08289212775499251,0.7125,0.07136519062500002,9.29656375,-0.004625000000000004
WFIRST_Z087,10.0,9.50,-0.20,-0.178875,0.0765382869876247,-0.206,0.341475,0.25935779701986983,0.2541,-0.1294239828125,9.492745,0.021125000000000005
WFIRST_Z087,10.0,9.50,-0.50,-0.282125,0.21854429613924953,-0.45,0.0939625,0.12398437338531819,0.03970000000000001,-0.37287174843750004,9.493661874999999,0.21787499999999999
WFIRST_Z087,10.0,9.50,-0.80,-0.306875,0.39727932160508933,0.0,0.060962499999999996,0.1612916143007751,0.0,-0.49649958125,9.488335625,0.49312500000000004
WFIRST_Z087,10.0,9.50,-1.30,-1.36175,0.011288821904875576,-1.3610000000000002,0.32653750000000004,0.08436189805682423,0.3185,-1.2639663218750001,9.59018,-0.06174999999999997
WFIRST_Z087,10.0,9.50,-1.80,-1.885375,0.0632711180160427,-1.865,0.3701,0.14093674999800443,0.37899999999999995,-1.7045747,9.549315624999998,-0.08537499999999998
WFIRST_Z087,10.0,9.50,-2.20,-2.2433750000000003,0.008425222548989333,-2.2455,0.564225,0.15026615345778968,0.5301,-2.141094534375,9.471954375,-0.04337500000000016
WFIRST_Z087,10.0,9.50,0.00,0.017875000000000002,0.03563859389762733,0.029500000000000002,0.3353625,0.24613350512222024,0.27575000000000005,0.0013313578124999996,9.5012425,0.017875000000000002
WFIRST_Z087,10.0,9.50,0.10,0.067375,0.05618704810719282,0.08,0.3086875,0.298166901405488,0.26985,0.049372056250000004,9.495779375,-0.032625
WFIRST_Z087,10.0,9.70,-0.20,-0.01875,0.049607837082461075,0.0,0.04151250000000001,0.10983175130056884,0.0,-0.0985501484375,9.617058125,0.18125000000000002
WFIRST_Z087,10.0,9.70,-0.50,-0.259625,0.26598587251017675,-0.225,0.04375000000000001,0.0748949097068686,0.0,-0.1886099078125,9.583646875,0.240375
WFIRST_Z087,10.0,9.70,-0.80,-0.51875,0.4030644334346557,-0.8,0.1045875,0.14083517349636063,0.00360000000000002,-0.5707747437499999,9.64506625,0.28125
WFIRST_Z087,10.0,9.70,-1.30,-0.32499999999999996,0.5678908345800273,0.0,0.024775000000000005,0.04577995603973425,0.0,-0.8274202875000001,9.75702,0.9750000000000001
WFIRST_Z087,10.0,9.70,-1.80,-1.6065,0.6075150203904428,-1.8265,0.3993625,0.16660502646604033,0.45135000000000003,-1.5131370312499999,9.754646874999999,0.1935
WFIRST_Z087,10.0,9.70,-2.20,-2.229375,0.018960073180238537,-2.2325,0.5131875,0.18547739375392894,0.51745,-1.8876072328125,9.658453125,-0.02937499999999993
WFIRST_Z087,10.0,9.70,0.00,0.025,0.03535533905932738,0.05,0.1715375,0.16774063265574624,0.15314999999999995,0.007882479687499996,9.656085625,0.025
WFIRST_Z087,10.0,9.70,0.10,0.07350000000000001,0.04940394721072396,0.05,0.255575,0.16483878298203977,0.24885,0.051817223437500004,9.7074475,-0.026499999999999996
WFIRST_Z087,10.0,9.90,-0.20,-0.087625,0.11364411280396357,0.0,0.1789125,0.2681256488919887,0.0,-0.06382982499999999,9.828186875,0.11237500000000002
WFIRST_Z087,10.0,9.90,-0.50,-0.29375,0.22972469936861384,-0.45,0.1298125,0.1526890912729197,0.06464999999999999,-0.205116890625,9.715059375000001,0.20625
WFIRST_Z087,10.0,9.90,-0.80,-0.2125,0.3680607966083864,0.0,0.020250000000000004,0.05357646404905797,0.0,-0.4458370703125,9.820096874999999,0.5875
WFIRST_Z087,10.0,9.90,-1.30,-0.6741250000000001,0.6741284071859011,-0.6715000000000001,0.142175,0.21175432551662315,0.0126,-0.9456864593750001,9.916024375,0.625875
WFIRST_Z087,10.0,9.90,-1.80,-1.8291250000000001,0.030419720166365863,-1.85,0.45176249999999996,0.1660205178396634,0.46804999999999997,-1.3139673859375,9.859947499999999,-0.029125000000000068
WFIRST_Z087,10.0,9.90,-2.20,-2.244625,0.01273712585319002,-2.25,0.4857875,0.1334541816270663,0.49060000000000004,-1.8456491015625,9.811583125,-0.044624999999999915
WFIRST_Z087,10.0,9.90,0.00,0.0125,0.033071891388307385,0.0,0.053412499999999995,0.07795069655718286,0.0,0.015722656249999998,9.825088125,0.0125
WFIRST_Z087,10.0,9.90,0.10,0.11037499999999999,0.03319238429218365,0.10450000000000001,0.41533749999999997,0.27981076166536195,0.4945,0.06666142343749999,9.921335624999998,0.010374999999999981
